"","barcode","patient","sample","shortLetterCode","definition","sample_submitter_id","sample_type_id","tumor_descriptor","sample_id","sample_type","composition","days_to_collection","state","initial_weight","preservation_method","pathology_report_uuid","submitter_id","oct_embedded","specimen_type","is_ffpe","tissue_type","synchronous_malignancy","ajcc_pathologic_stage","days_to_diagnosis","laterality","tissue_or_organ_of_origin","days_to_last_follow_up","age_at_diagnosis","primary_diagnosis","metastasis_at_diagnosis","prior_malignancy","year_of_diagnosis","prior_treatment","diagnosis_is_primary_disease","method_of_diagnosis","ajcc_staging_system_edition","ajcc_pathologic_t","morphology","ajcc_pathologic_n","ajcc_pathologic_m","classification_of_tumor","diagnosis_id","icd_10_code","site_of_resection_or_biopsy","race","gender","ethnicity","vital_status","age_at_index","days_to_birth","demographic_id","age_is_obfuscated","country_of_residence_at_enrollment","bcr_patient_barcode","project_id","name","releasable","released","tumor_of_origin","figo_stage","figo_staging_edition_year","days_to_death","paper_patient","paper_Tumor.Type","paper_Included_in_previous_marker_papers","paper_vital_status","paper_days_to_birth","paper_days_to_death","paper_days_to_last_followup","paper_age_at_initial_pathologic_diagnosis","paper_pathologic_stage","paper_Tumor_Grade","paper_BRCA_Pathology","paper_BRCA_Subtype_PAM50","paper_MSI_status","paper_HPV_Status","paper_tobacco_smoking_history","paper_CNV.Clusters","paper_Mutation.Clusters","paper_DNA.Methylation.Clusters","paper_mRNA.Clusters","paper_miRNA.Clusters","paper_lncRNA.Clusters","paper_Protein.Clusters","paper_PARADIGM.Clusters","paper_Pan.Gyn.Clusters"
"TCGA-GM-A2DL-01A-11R-A18M-07","TCGA-GM-A2DL-01A-11R-A18M-07","TCGA-GM-A2DL","TCGA-GM-A2DL-01A","TP","Primary solid Tumor","TCGA-GM-A2DL-01A","01","Primary","d6e981ee-1afc-4f84-a3be-e87e0d1460cd","Primary Tumor","Not Reported",2723,"released",130,"Unknown","8CF4E53E-924F-4DC6-8748-BC8A1F7D5662","TCGA-GM-A2DL","false","Solid Tissue",FALSE,"Tumor","No","Stage I",0,"Left","Breast, NOS",3519,18475,"Infiltrating duct carcinoma, NOS","No Metastasis","no",2003,"No",TRUE,"Core Biopsy","6th","T1c","8500/3","N0 (i-)","M0","primary","3185a0c5-83e5-5523-81b8-6973708a75b9","C50.9","Breast, NOS","white","female","not hispanic or latino","Alive",50,-18475,"b94ef8b8-13a9-57c5-90ec-d7b640476cd4",FALSE,"United States","TCGA-GM-A2DL-01A","TCGA-BRCA","Breast Invasive Carcinoma",TRUE,TRUE,NA,NA,NA,NA,"TCGA-GM-A2DL","BRCA","YES","Alive","-18475","NA","3519",50,"Stage_I","NA","IDC","LumA","NA","NA","NA","C3","C1","C2","C1","C2","C1","C2","C5","C3"
"TCGA-AC-A2QI-01A-12R-A19W-07","TCGA-AC-A2QI-01A-12R-A19W-07","TCGA-AC-A2QI","TCGA-AC-A2QI-01A","TP","Primary solid Tumor","TCGA-AC-A2QI-01A","01","Primary","08f10bb1-6dd4-4f36-86a3-1801f9762187","Primary Tumor","Not Reported",91,"released",140,"Unknown","5CF85AF1-D227-430C-99CD-C2A524CFFA29","TCGA-AC-A2QI","false","Solid Tissue",FALSE,"Tumor","No","Stage IIIA",0,"Right","Breast, NOS",588,27865,"Lobular carcinoma, NOS","No Metastasis","no",2011,"No",TRUE,"Core Biopsy","7th","T3","8520/3","N1a","MX","primary","0b952469-20d9-5831-b719-8d55fd60d25b","C50.9","Breast, NOS","white","female","not hispanic or latino","Alive",76,-27865,"de88ff20-a93a-572e-9060-34f64f281360",FALSE,"United States","TCGA-AC-A2QI-01A","TCGA-BRCA","Breast Invasive Carcinoma",TRUE,TRUE,NA,NA,NA,NA,"TCGA-AC-A2QI","BRCA","NO","Alive","-27865","NA","588",76,"Stage_III","NA","ILC","LumA","NA","NA","NA","C1","C4","C1","C2","C2","NA","C1","C6","C1"
"TCGA-A8-A06R-01A-11R-A00Z-07","TCGA-A8-A06R-01A-11R-A00Z-07","TCGA-A8-A06R","TCGA-A8-A06R-01A","TP","Primary solid Tumor","TCGA-A8-A06R-01A","01","Primary","7fa91f3b-34db-41ba-8447-d745eebac2db","Primary Tumor","Not Reported",1184,"released",220,"Unknown","B6B7939C-63AF-4B52-B494-AA09A9C03871","TCGA-A8-A06R","false","Unknown",FALSE,"Tumor","No","Stage IIB",0,"Right","Breast, NOS",547,25477,"Infiltrating duct carcinoma, NOS",NA,"no",2007,"No",TRUE,NA,"5th","T2","8500/3","N1a","M0","primary","2804f895-5d16-5096-9ade-e6852295b87f","C50.9","Breast, NOS","not reported","female","not reported","Alive",69,-25477,"365d369f-8b9a-5db8-b341-41024f115964",FALSE,"Germany","TCGA-A8-A06R-01A","TCGA-BRCA","Breast Invasive Carcinoma",TRUE,TRUE,NA,NA,NA,NA,"TCGA-A8-A06R","BRCA","YES","Alive","-25477","NA","547",69,"Stage_II","NA","IDC","LumB","NA","NA","NA","C6","C4","C2","C1","C3","C3","C1","C4","C1"
"TCGA-EW-A1PD-01A-11R-A144-07","TCGA-EW-A1PD-01A-11R-A144-07","TCGA-EW-A1PD","TCGA-EW-A1PD-01A","TP","Primary solid Tumor","TCGA-EW-A1PD-01A","01","Primary","9f52ae8b-7fe7-441c-9fb6-c55a9bd1a0d0","Primary Tumor","Not Reported",112,"released",120,"OCT","B6D80CA9-F4DA-4DFB-80BF-08BEE17142BD","TCGA-EW-A1PD","true","Solid Tissue",FALSE,"Tumor","No","Stage IIA",0,"Right","Breast, NOS",424,22536,"Infiltrating duct carcinoma, NOS","No Metastasis","no",2010,"No",TRUE,"Core Biopsy","7th","T1c","8500/3","N1a","M0","primary","4b25cd81-e384-5a36-9863-4150b90a85dc","C50.9","Breast, NOS","white","male","hispanic or latino","Alive",61,-22536,"42627028-1318-501d-864a-1a8645ccab14",FALSE,"United States","TCGA-EW-A1PD-01A","TCGA-BRCA","Breast Invasive Carcinoma",TRUE,TRUE,NA,NA,NA,NA,NA,NA,NA,NA,NA,NA,NA,NA,NA,NA,NA,NA,NA,NA,NA,NA,NA,NA,NA,NA,NA,NA,NA,NA
"TCGA-AO-A12D-01A-11R-A115-07","TCGA-AO-A12D-01A-11R-A115-07","TCGA-AO-A12D","TCGA-AO-A12D-01A","TP","Primary solid Tumor","TCGA-AO-A12D-01A","01","Primary","b6359ede-df10-44b9-a2e2-bbf900eeb241","Primary Tumor","Not Reported",1948,"released",750,"OCT","9363D53D-BC3B-4AC0-8185-536C6DB3A6AE","TCGA-AO-A12D","true","Unknown",FALSE,"Tumor","No","Stage IIA",0,"Left","Breast, NOS",2515,15774,"Infiltrating duct carcinoma, NOS",NA,"no",2005,"No",TRUE,"Core Biopsy","6th","T1c","8500/3","N1a","M0","primary","9e050418-bc62-5830-86f9-8b5703a7fd44","C50.9","Breast, NOS","white","female","not hispanic or latino","Alive",43,-15774,"9585e3b9-74b5-503d-ac8e-3340e56f6a8d",FALSE,NA,"TCGA-AO-A12D-01A","TCGA-BRCA","Breast Invasive Carcinoma",TRUE,TRUE,NA,NA,NA,NA,"TCGA-AO-A12D","BRCA","YES","Alive","-15774","NA","2515",43,"Stage_II","NA","NA","Her2","NA","NA","NA","C6","C9","C4","C2","C3","C1","C1","C4","C3"
"TCGA-AR-A24N-01A-11R-A169-07","TCGA-AR-A24N-01A-11R-A169-07","TCGA-AR-A24N","TCGA-AR-A24N-01A","TP","Primary solid Tumor","TCGA-AR-A24N-01A","01","Primary","dcc31bf1-9890-4fb1-9677-b5fb77e1fc37","Primary Tumor","Not Reported",2219,"released",310,"OCT","AAF32BB7-716A-4C0E-AE7E-04F6A5BF5628","TCGA-AR-A24N","true","Solid Tissue",FALSE,"Tumor","No","Stage I",0,"Left","Breast, NOS",3035,19989,"Infiltrating duct carcinoma, NOS",NA,"no",2005,"No",TRUE,"Core Biopsy","6th","T1","8500/3","N0","M0","primary","f9630094-86ba-5a9e-9e86-556b19c2b338","C50.9","Breast, NOS","white","female","not hispanic or latino","Alive",54,-19989,"2ed6a99f-7873-5c07-b14c-f5db4727de41",FALSE,"United States","TCGA-AR-A24N-01A","TCGA-BRCA","Breast Invasive Carcinoma",TRUE,TRUE,NA,NA,NA,NA,"TCGA-AR-A24N","BRCA","YES","Alive","-19989","NA","3035",54,"Stage_I","NA","IDC","LumB","NA","NA","NA","C1","C1","C2","C1","C3","C2","C1","C5","C1"
"TCGA-AR-A24U-01A-11R-A169-07","TCGA-AR-A24U-01A-11R-A169-07","TCGA-AR-A24U","TCGA-AR-A24U-01A","TP","Primary solid Tumor","TCGA-AR-A24U-01A","01","Primary","17cdb451-9b35-4aab-8bc2-b4a64ef3e3b4","Primary Tumor","Not Reported",1763,"released",320,"OCT","B481795F-C52C-4FCE-827A-07991C7A7C2E","TCGA-AR-A24U","true","Solid Tissue",FALSE,"Tumor","No","Stage IIA",0,"Left","Breast, NOS",3128,17523,"Infiltrating duct carcinoma, NOS",NA,"no",2006,"No",TRUE,"Core Biopsy","6th","T1","8500/3","N1","M0","primary","d88e46f8-8daa-5eb9-821f-d2f2ef792565","C50.9","Breast, NOS","white","female","not hispanic or latino","Alive",47,-17523,"300471a6-2be5-596a-b83e-e2046c6a2ee2",FALSE,"United States","TCGA-AR-A24U-01A","TCGA-BRCA","Breast Invasive Carcinoma",TRUE,TRUE,NA,NA,NA,NA,"TCGA-AR-A24U","BRCA","YES","Alive","-17523","NA","2363",47,"Stage_II","NA","NA","Her2","NA","NA","NA","C4","C4","C1","C2","C3","C1","C1","C4","C3"
"TCGA-D8-A1JU-01A-11R-A13Q-07","TCGA-D8-A1JU-01A-11R-A13Q-07","TCGA-D8-A1JU","TCGA-D8-A1JU-01A","TP","Primary solid Tumor","TCGA-D8-A1JU-01A","01","Primary","a56aa062-cc7f-4ceb-96d6-2a6c251fc9b5","Primary Tumor","Not Reported",295,"released",450,"Unknown","B5074D1A-C617-414F-B349-6096F59E122D","TCGA-D8-A1JU","false","Unknown",FALSE,"Tumor","No","Stage IA",0,"Left","Breast, NOS",447,18733,"Infiltrating duct carcinoma, NOS",NA,"no",2010,"No",TRUE,"Core Biopsy","7th","T1c","8500/3","N0","M0","primary","69a38acb-a532-5099-9182-232c63d81c58","C50.9","Breast, NOS","white","female","not hispanic or latino","Alive",51,-18733,"5874e6a9-32c3-59c2-b87c-cc9dae46e50b",FALSE,"Poland","TCGA-D8-A1JU-01A","TCGA-BRCA","Breast Invasive Carcinoma",TRUE,TRUE,NA,NA,NA,NA,"TCGA-D8-A1JU","BRCA","YES","Alive","-18733","NA","447",51,"Stage_I","NA","Mixed","LumA","NA","NA","NA","C5","C3","C1","C2","C3","C3","C1","C6","C1"
"TCGA-A8-A0AD-01A-11R-A056-07","TCGA-A8-A0AD-01A-11R-A056-07","TCGA-A8-A0AD","TCGA-A8-A0AD-01A","TP","Primary solid Tumor","TCGA-A8-A0AD-01A","01","Primary","392933ed-ca0e-458d-b0b1-6ccfe71df1c3","Primary Tumor","Not Reported",1033,"released",90,"Unknown","BD2AE048-BE93-4421-AD3E-BE6F9646484F","TCGA-A8-A0AD","false","Solid Tissue",FALSE,"Tumor","No","Stage I",0,"Right","Breast, NOS",1157,30407,"Infiltrating duct and lobular carcinoma",NA,"no",2007,"No",TRUE,NA,"6th","T1c","8522/3","N0","M0","primary","d1a42efd-d024-53fd-a35f-8db60def2ba6","C50.9","Breast, NOS","not reported","female","not reported","Alive",83,-30407,"4dc16bc1-f554-5ec7-b059-6a0c1d7d3ac1",FALSE,"Germany","TCGA-A8-A0AD-01A","TCGA-BRCA","Breast Invasive Carcinoma",TRUE,TRUE,NA,NA,NA,NA,"TCGA-A8-A0AD","BRCA","YES","Alive","-30407","NA","1157",83,"Stage_I","NA","Other","LumA","NA","NA","NA","C2","C2","C1","C1","C3","NA","NA","C5","NA"
"TCGA-E2-A3DX-01A-21R-A213-07","TCGA-E2-A3DX-01A-21R-A213-07","TCGA-E2-A3DX","TCGA-E2-A3DX-01A","TP","Primary solid Tumor","TCGA-E2-A3DX-01A","01","Primary","796df715-916f-46e4-9da1-e19c94958e07","Primary Tumor","Not Reported",142,"released",180,"Unknown","3B7CA8ED-58E2-4609-BE41-46525D3732E7","TCGA-E2-A3DX","false","Unknown",FALSE,"Tumor","No","Stage IIIC",0,"Right","Breast, NOS",1325,15969,"Lobular carcinoma, NOS","No Metastasis","no",2011,"No",TRUE,"Core Biopsy","7th","T2","8520/3","N3","M0","primary","40136d4a-4022-5dd5-9603-1a1e632d69ad","C50.9","Breast, NOS","white","female","not hispanic or latino","Alive",43,-15969,"64740ea3-c719-573e-9735-5ae0e9eb6c87",FALSE,"United States","TCGA-E2-A3DX-01A","TCGA-BRCA","Breast Invasive Carcinoma",TRUE,TRUE,NA,NA,NA,NA,"TCGA-E2-A3DX","BRCA","NO","Alive","-15969","NA","1325",43,"Stage_III","NA","ILC","LumA","NA","NA","NA","C1","C4","C1","C2","C2","C1","C1","C6","C2"
"TCGA-A2-A0YL-01A-21R-A109-07","TCGA-A2-A0YL-01A-21R-A109-07","TCGA-A2-A0YL","TCGA-A2-A0YL-01A","TP","Primary solid Tumor","TCGA-A2-A0YL-01A","01","Primary","905c8468-92b3-4e58-8445-6692775c7fde","Primary Tumor","Not Reported",205,"released",730,"OCT","AB083371-A2AB-4F57-8FBF-0DB2C91CEDDE","TCGA-A2-A0YL","true","Solid Tissue",FALSE,"Tumor","No","Stage IIIA",0,"Left","Breast, NOS",1474,17702,"Lobular carcinoma, NOS",NA,"no",2010,"No",TRUE,"Core Biopsy",NA,"T3","8520/3","N2a","M0","primary","08e67af7-3bdb-56c2-bd26-8aeac62c2135","C50.9","Breast, NOS","white","female","not hispanic or latino","Alive",48,-17702,"55ae5a3b-e509-5fcd-98c9-c5007b448890",FALSE,NA,"TCGA-A2-A0YL-01A","TCGA-BRCA","Breast Invasive Carcinoma",TRUE,TRUE,NA,NA,NA,NA,"TCGA-A2-A0YL","BRCA","YES","Alive","-17702","NA","1474",48,"Stage_III","NA","ILC","LumA","NA","NA","NA","C1","C4","C1","C2","C2","C2","C1","C6","C1"
"TCGA-C8-A12P-01A-11R-A115-07","TCGA-C8-A12P-01A-11R-A115-07","TCGA-C8-A12P","TCGA-C8-A12P-01A","TP","Primary solid Tumor","TCGA-C8-A12P-01A","01","Primary","0d5aa7a3-3488-4339-b8f1-e4971912e2bc","Primary Tumor","Not Reported",57,"released",380,"OCT","F04324BB-F0B1-4948-9189-7833646029F1","TCGA-C8-A12P","true","Unknown",FALSE,"Tumor","No","Stage IIB",0,"Left","Breast, NOS",358,20332,"Infiltrating duct carcinoma, NOS",NA,"no",2010,"No",TRUE,"Surgical Resection","6th","T2","8500/3","N1","M0","primary","44b1863d-fa52-503c-9595-318841f36ffd","C50.9","Breast, NOS","asian","female","not hispanic or latino","Alive",55,-20332,"4a07c2f1-9d0b-5bb8-babc-334905934bba",FALSE,"Vietnam","TCGA-C8-A12P-01A","TCGA-BRCA","Breast Invasive Carcinoma",TRUE,TRUE,NA,NA,NA,NA,"TCGA-C8-A12P","BRCA","YES","Alive","-20332","NA","358",55,"Stage_II","NA","IDC","Her2","NA","NA","NA","C4","C9","C2","C2","C3","C1","C5","C4","C4"
"TCGA-AO-A0JA-01A-11R-A056-07","TCGA-AO-A0JA-01A-11R-A056-07","TCGA-AO-A0JA","TCGA-AO-A0JA-01A","TP","Primary solid Tumor","TCGA-AO-A0JA-01A","01","Primary","8e666196-bf9d-4b71-9c66-ee9272b671a5","Primary Tumor","Not Reported",258,"released",100,"OCT","2E8A1816-E963-4063-B2F0-6289514084A5","TCGA-AO-A0JA","true","Solid Tissue",FALSE,"Tumor","No","Stage IIIC",0,"Right","Breast, NOS",655,13307,"Infiltrating duct carcinoma, NOS",NA,"no",2009,"No",TRUE,"Core Biopsy",NA,"T2","8500/3","N3","M0","primary","3d746a7a-4977-5116-872e-8442f4b622bd","C50.9","Breast, NOS","black or african american","female","not hispanic or latino","Alive",36,-13307,"00fd72b0-9e9f-54cb-a0fb-936a146ef152",FALSE,NA,"TCGA-AO-A0JA-01A","TCGA-BRCA","Breast Invasive Carcinoma",TRUE,TRUE,NA,NA,NA,NA,"TCGA-AO-A0JA","BRCA","YES","Alive","-13307","NA","655",36,"Stage_III","NA","NA","LumA","NA","NA","NA","C5","C2","C1","C1","C3","NA","NA","C5","NA"
"TCGA-EW-A1OV-01A-11R-A144-07","TCGA-EW-A1OV-01A-11R-A144-07","TCGA-EW-A1OV","TCGA-EW-A1OV-01A","TP","Primary solid Tumor","TCGA-EW-A1OV-01A","01","Primary","684196da-0213-497f-b239-7b5e76b01d0e","Primary Tumor","Not Reported",469,"released",130,"OCT","88E39E13-8ADC-481A-992E-610B3BEBCBD4","TCGA-EW-A1OV","true","Solid Tissue",FALSE,"Tumor","No","Stage IIB",0,"Right","Breast, NOS",789,20764,"Infiltrating duct carcinoma, NOS","No Metastasis","no",2009,"No",TRUE,"Core Biopsy","6th","T2","8500/3","N1mi","MX","primary","9fd446d2-fc22-599b-888d-472c8a93e3d0","C50.9","Breast, NOS","white","female","hispanic or latino","Alive",56,-20764,"4682abf2-e8ef-5cd2-807f-d35c7fab55f8",FALSE,"United States","TCGA-EW-A1OV-01A","TCGA-BRCA","Breast Invasive Carcinoma",TRUE,TRUE,NA,NA,NA,NA,"TCGA-EW-A1OV","BRCA","YES","Alive","-20764","NA","789",56,"Stage_II","NA","IDC","Her2","NA","NA","NA","C6","C4","C1","C2","C3","C2","C1","C4","C2"
"TCGA-5L-AAT0-01A-12R-A41B-07","TCGA-5L-AAT0-01A-12R-A41B-07","TCGA-5L-AAT0","TCGA-5L-AAT0-01A","TP","Primary solid Tumor","TCGA-5L-AAT0-01A","01","Primary","8434f4a2-0ead-40f6-9b63-9c958a3fb812","Primary Tumor","Not Reported",1320,"released",80,"Unknown","F9B6971F-23C0-465F-BFEC-778BF228A1AE","TCGA-5L-AAT0","false","Unknown",FALSE,"Tumor",NA,NA,39,NA,"Cervix uteri",NA,15432,"Adenocarcinoma, NOS",NA,NA,NA,NA,FALSE,NA,NA,NA,"8140/3",NA,NA,"Synchronous primary","6ac00b2d-7607-4c59-af06-47f425d98afc",NA,"Not Reported","white","female","hispanic or latino","Alive",42,-15393,"776bb6f9-f5c8-57b6-bf4d-4014b8025a06",FALSE,"Brazil","TCGA-5L-AAT0-01A","TCGA-BRCA","Breast Invasive Carcinoma",TRUE,TRUE,NA,"Stage IB2","2009",NA,"TCGA-5L-AAT0","BRCA","NO","Alive","-15393","NA","1477",42,"Stage_II","NA","NA","LumA","NA","NA","NA","C1","C9","C1","C2","C2","NA","NA","C6","NA"
"TCGA-BH-A18J-01A-11R-A12D-07","TCGA-BH-A18J-01A-11R-A12D-07","TCGA-BH-A18J","TCGA-BH-A18J-01A","TP","Primary solid Tumor","TCGA-BH-A18J-01A","01","Primary","044f9b74-9a16-432e-acac-78c399c001bc","Primary Tumor","Not Reported",3948,"released",640,"OCT","589BC4DD-0079-4106-A2E6-9A48E9BD7DE2","TCGA-BH-A18J","true","Solid Tissue",FALSE,"Tumor","No","Stage IV",0,"Right","Breast, NOS",612,20678,"Infiltrating duct carcinoma, NOS","Metastasis, NOS","no",2000,"No",TRUE,NA,"5th","T4b","8500/3","N2","M1","primary","cdf4caed-5220-5d67-8fe8-c3d5bcfbe687","C50.9","Breast, NOS","white","female","not hispanic or latino","Dead",56,-20678,"25b10a39-4123-59b4-8023-2f6047097778",FALSE,NA,"TCGA-BH-A18J-01A","TCGA-BRCA","Breast Invasive Carcinoma",TRUE,TRUE,NA,NA,NA,612,"TCGA-BH-A18J","BRCA","YES","Dead","-20678","612","NA",56,"Stage_IV","NA","IDC","LumA","NA","NA","NA","C1","C9","C1","C1","C3","C3","C2","C5","C5"
"TCGA-D8-A27V-01A-12R-A17B-07","TCGA-D8-A27V-01A-12R-A17B-07","TCGA-D8-A27V","TCGA-D8-A27V-01A","TP","Primary solid Tumor","TCGA-D8-A27V-01A","01","Primary","d32e480b-d1ee-4bae-af15-8b5b94c1cc8a","Primary Tumor","Not Reported",51,"released",230,"Unknown","E5011BD1-E1DE-4A47-BF3C-66BA1E0B84DC","TCGA-D8-A27V","false","Solid Tissue",FALSE,"Tumor","No","Stage IIA",0,"Right","Breast, NOS",381,22958,"Lobular carcinoma, NOS","No Metastasis","no",2011,"No",TRUE,"Fine Needle Aspiration","7th","T2","8520/3","N0","M0","primary","ef029bdc-5b7f-54d5-98ef-ad432f89d22e","C50.9","Breast, NOS","white","female","not hispanic or latino","Alive",62,-22958,"f2398bfc-eda7-56d9-b009-b60bf3108d19",FALSE,"Poland","TCGA-D8-A27V-01A","TCGA-BRCA","Breast Invasive Carcinoma",TRUE,TRUE,NA,NA,NA,NA,"TCGA-D8-A27V","BRCA","YES","Alive","-22958","NA","381",62,"Stage_II","NA","ILC","LumA","NA","NA","NA","C5","C9","C1","C1","C3","C2","C2","C5","C2"
"TCGA-A7-A26I-01B-06R-A22O-07","TCGA-A7-A26I-01B-06R-A22O-07","TCGA-A7-A26I","TCGA-A7-A26I-01B","TP","Primary solid Tumor","TCGA-A7-A26I-01B","01","Primary","db744038-c9e0-46c9-a38d-7220ad10f125","Primary Tumor","Not Reported",256,"released",NA,"FFPE","CCE33A95-774E-4242-B2A1-05FF002ED1D9","TCGA-A7-A26I","false","Solid Tissue",TRUE,"Tumor",NA,NA,NA,"Right","Lower limb, NOS",NA,NA,"Basal cell carcinoma, NOS",NA,NA,NA,NA,FALSE,NA,NA,NA,"8090/3",NA,NA,"Prior primary","9dd5c04a-91dc-4749-ad44-ec93bc18b992",NA,"Not Reported","white","female","not hispanic or latino","Alive",65,-23948,"6d675722-d247-5cf8-8686-b39c14f11a4a",FALSE,"United States","TCGA-A7-A26I-01B","TCGA-BRCA","Breast Invasive Carcinoma",TRUE,TRUE,NA,NA,NA,NA,"TCGA-A7-A26I","BRCA","YES","Alive","-23948","NA","661",65,"Stage_II","NA","IDC","Basal","NA","NA","NA","C5","C4","C4","C2","C3","C6","C5","C2","C4"
"TCGA-A8-A096-01A-11R-A00Z-07","TCGA-A8-A096-01A-11R-A00Z-07","TCGA-A8-A096","TCGA-A8-A096-01A","TP","Primary solid Tumor","TCGA-A8-A096-01A","01","Primary","cc620a1f-7955-43f8-aa30-12e244f89f1b","Primary Tumor","Not Reported",394,"released",110,"Unknown","91BFC77A-E56F-49F0-A294-A5EE9F266FB6","TCGA-A8-A096","false","Unknown",FALSE,"Tumor","No","Stage IIA",0,"Right","Breast, NOS",0,26723,"Infiltrating duct carcinoma, NOS",NA,"no",2009,"No",TRUE,NA,"6th","T2","8500/3","N0","M0","primary","bc5c47eb-c9e5-522a-87b0-87fefac9ed6b","C50.9","Breast, NOS","not reported","female","not reported","Alive",73,-26723,"ed0edba9-a6a6-5302-91e3-0cb89eeacef8",FALSE,"Germany","TCGA-A8-A096-01A","TCGA-BRCA","Breast Invasive Carcinoma",TRUE,TRUE,NA,NA,NA,NA,"TCGA-A8-A096","BRCA","YES","Alive","-26723","NA","0",73,"Stage_II","NA","IDC","LumB","NA","NA","NA","C1","C3","C1","C1","C3","NA","NA","C6","NA"
"TCGA-AR-A256-01A-11R-A169-07","TCGA-AR-A256-01A-11R-A169-07","TCGA-AR-A256","TCGA-AR-A256-01A","TP","Primary solid Tumor","TCGA-AR-A256-01A","01","Primary","87676c70-e2ad-4103-8bc0-3d3c1e40a790","Primary Tumor","Not Reported",3740,"released",210,"OCT","0FDC2801-71F8-4D45-BFF1-89445E621A41","TCGA-AR-A256","true","Solid Tissue",FALSE,"Tumor",NA,NA,1640,NA,"Not Reported",NA,18282,"Infiltrating duct carcinoma, NOS",NA,NA,NA,"Yes",FALSE,NA,NA,NA,"8500/3",NA,NA,"recurrence","a7c059d8-d78d-415e-8c63-99fb5f8d3368",NA,"Not Reported","white","female","not reported","Dead",45,-16642,"4b57f09c-3beb-55bb-a446-60272ecc2b83",FALSE,"United States","TCGA-AR-A256-01A","TCGA-BRCA","Breast Invasive Carcinoma",TRUE,TRUE,"TCGA-AR-A256_diagnosis",NA,NA,2854,"TCGA-AR-A256","BRCA","YES","Dead","-16642","2854","NA",45,"Stage_II","NA","NA","Basal","NA","NA","NA","C4","C1","C2","C4","C7","C2","C5","C2","C4"
"TCGA-BH-A18J-11A-31R-A12D-07","TCGA-BH-A18J-11A-31R-A12D-07","TCGA-BH-A18J","TCGA-BH-A18J-11A","NT","Solid Tissue Normal","TCGA-BH-A18J-11A","11","Not Applicable","531e4ba7-04b1-4ec0-84e8-4b8de97ad3d7","Solid Tissue Normal","Not Reported",3948,"released",230,"OCT",NA,"TCGA-BH-A18J","true","Solid Tissue",FALSE,"Normal","No","Stage IV",0,"Right","Breast, NOS",612,20678,"Infiltrating duct carcinoma, NOS","Metastasis, NOS","no",2000,"No",TRUE,NA,"5th","T4b","8500/3","N2","M1","primary","cdf4caed-5220-5d67-8fe8-c3d5bcfbe687","C50.9","Breast, NOS","white","female","not hispanic or latino","Dead",56,-20678,"25b10a39-4123-59b4-8023-2f6047097778",FALSE,NA,"TCGA-BH-A18J-11A","TCGA-BRCA","Breast Invasive Carcinoma",TRUE,TRUE,NA,NA,NA,612,NA,NA,NA,NA,NA,NA,NA,NA,NA,NA,NA,NA,NA,NA,NA,NA,NA,NA,NA,NA,NA,NA,NA,NA
"TCGA-E2-A1BC-11A-32R-A12P-07","TCGA-E2-A1BC-11A-32R-A12P-07","TCGA-E2-A1BC","TCGA-E2-A1BC-11A","NT","Solid Tissue Normal","TCGA-E2-A1BC-11A","11","Not Applicable","d221f2c8-5852-4392-b166-92b709000e78","Solid Tissue Normal","Not Reported",275,"released",260,"OCT",NA,"TCGA-E2-A1BC","true","Solid Tissue",FALSE,"Normal",NA,"Stage IA",NA,"Left","Breast, NOS",NA,NA,"Infiltrating duct carcinoma, NOS",NA,NA,NA,NA,FALSE,NA,"7th","T1c","8500/3","N0","M0","Synchronous primary","5835ce76-f624-4d72-bdc5-821f12a429eb",NA,"Not Reported","not reported","female","not reported","Alive",63,-23168,"8dcc784d-5f07-5406-9dc9-04c8336d0947",FALSE,NA,"TCGA-E2-A1BC-11A","TCGA-BRCA","Breast Invasive Carcinoma",TRUE,TRUE,NA,NA,NA,NA,NA,NA,NA,NA,NA,NA,NA,NA,NA,NA,NA,NA,NA,NA,NA,NA,NA,NA,NA,NA,NA,NA,NA,NA
"TCGA-E2-A1LH-11A-22R-A14D-07","TCGA-E2-A1LH-11A-22R-A14D-07","TCGA-E2-A1LH","TCGA-E2-A1LH-11A","NT","Solid Tissue Normal","TCGA-E2-A1LH-11A","11","Not Applicable","d78f95cd-3823-42ba-9c08-b5a70e41fd63","Solid Tissue Normal","Not Reported",2998,"released",60,"Unknown",NA,"TCGA-E2-A1LH","false","Solid Tissue",FALSE,"Normal","No","Stage I",0,"Right","Breast, NOS",3247,21628,"Infiltrating duct carcinoma, NOS","No Metastasis","no",2002,"No",TRUE,"Surgical Resection","5th","T1c","8500/3","N0","M0","primary","a34520a7-503f-5ced-ab2a-36ca8ca5d354","C50.9","Breast, NOS","white","female","not hispanic or latino","Alive",59,-21628,"d080bdf8-4ea1-50c2-9a3f-17da4fd77212",FALSE,"United States","TCGA-E2-A1LH-11A","TCGA-BRCA","Breast Invasive Carcinoma",TRUE,TRUE,NA,NA,NA,NA,NA,NA,NA,NA,NA,NA,NA,NA,NA,NA,NA,NA,NA,NA,NA,NA,NA,NA,NA,NA,NA,NA,NA,NA
"TCGA-BH-A0HK-11A-11R-A089-07","TCGA-BH-A0HK-11A-11R-A089-07","TCGA-BH-A0HK","TCGA-BH-A0HK-11A","NT","Solid Tissue Normal","TCGA-BH-A0HK-11A","11","Not Applicable","aaeda2ea-cf26-445f-a367-85735fe80a27","Solid Tissue Normal","Not Reported",35,"released",240,"OCT",NA,"TCGA-BH-A0HK","true","Solid Tissue",FALSE,"Normal","No","Stage IIB",0,"Right","Breast, NOS",178,29751,"Infiltrating duct carcinoma, NOS",NA,"no",2010,"No",TRUE,"Core Biopsy",NA,"T2","8500/3","N1","M0","primary","ce9333cf-6e27-5998-9765-b6cff86a2ece","C50.9","Breast, NOS","white","female","not reported","Alive",81,-29751,"617e967f-a9ef-58af-aa77-a005618ce857",FALSE,NA,"TCGA-BH-A0HK-11A","TCGA-BRCA","Breast Invasive Carcinoma",TRUE,TRUE,NA,NA,NA,NA,NA,NA,NA,NA,NA,NA,NA,NA,NA,NA,NA,NA,NA,NA,NA,NA,NA,NA,NA,NA,NA,NA,NA,NA
"TCGA-AC-A2FM-11B-32R-A19W-07","TCGA-AC-A2FM-11B-32R-A19W-07","TCGA-AC-A2FM","TCGA-AC-A2FM-11B","NT","Solid Tissue Normal","TCGA-AC-A2FM-11B","11","Not Applicable","028490aa-d6f3-4366-821a-7cb2c604eff1","Solid Tissue Normal","Not Reported",2733,"released",220,"Unknown",NA,"TCGA-AC-A2FM","false","Solid Tissue",FALSE,"Normal","No","Stage IIB",0,"Right","Breast, NOS",792,31805,"Lobular carcinoma, NOS","Metastasis, NOS","no",2004,"No",TRUE,"Core Biopsy","6th","T2","8520/3","N1mi","M0","primary","589b6257-1230-5d67-bf2a-7cfe3a00fd05","C50.9","Breast, NOS","white","female","not hispanic or latino","Dead",87,-31805,"78da5fb8-73d6-5966-be41-109fb625bf18",FALSE,"United States","TCGA-AC-A2FM-11B","TCGA-BRCA","Breast Invasive Carcinoma",TRUE,TRUE,NA,NA,NA,792,NA,NA,NA,NA,NA,NA,NA,NA,NA,NA,NA,NA,NA,NA,NA,NA,NA,NA,NA,NA,NA,NA,NA,NA
"TCGA-A7-A0DB-11A-33R-A089-07","TCGA-A7-A0DB-11A-33R-A089-07","TCGA-A7-A0DB","TCGA-A7-A0DB-11A","NT","Solid Tissue Normal","TCGA-A7-A0DB-11A","11","Not Applicable","e2566ada-c2bf-4c25-bcd0-9f49f2d0b4a2","Solid Tissue Normal","Not Reported",167,"released",400,"Unknown",NA,"TCGA-A7-A0DB","false","Solid Tissue",FALSE,"Normal","No","Stage IIA",0,"Right","Breast, NOS",1007,20570,"Infiltrating duct carcinoma, NOS",NA,"no",2009,"No",TRUE,"Core Biopsy",NA,"T2","8500/3","N0 (i-)","M0","primary","0b4e8000-6329-58fc-aa9d-14732e7636ca","C50.9","Breast, NOS","white","female","not hispanic or latino","Alive",56,-20570,"5f43be5d-f1b5-5df5-a708-83ece49814e2",FALSE,NA,"TCGA-A7-A0DB-11A","TCGA-BRCA","Breast Invasive Carcinoma",TRUE,TRUE,NA,NA,NA,NA,NA,NA,NA,NA,NA,NA,NA,NA,NA,NA,NA,NA,NA,NA,NA,NA,NA,NA,NA,NA,NA,NA,NA,NA
"TCGA-BH-A0DK-11A-13R-A089-07","TCGA-BH-A0DK-11A-13R-A089-07","TCGA-BH-A0DK","TCGA-BH-A0DK-11A","NT","Solid Tissue Normal","TCGA-BH-A0DK-11A","11","Not Applicable","834ee4b2-bd0c-47ab-9158-c10534e272ea","Solid Tissue Normal","Not Reported",254,"released",550,"OCT",NA,"TCGA-BH-A0DK","true","Solid Tissue",FALSE,"Normal","No","Stage IIA",0,"Left","Breast, NOS",423,18237,"Infiltrating duct carcinoma, NOS",NA,"no",2009,"No",TRUE,"Excisional Biopsy",NA,"T2","8500/3","N0 (i-)","M0","primary","1d660016-9860-5ed7-a8ef-c628cb40b16a","C50.9","Breast, NOS","white","female","not reported","Alive",49,-18237,"66370c05-2b26-5840-9586-b553250c87c2",FALSE,NA,"TCGA-BH-A0DK-11A","TCGA-BRCA","Breast Invasive Carcinoma",TRUE,TRUE,NA,NA,NA,NA,NA,NA,NA,NA,NA,NA,NA,NA,NA,NA,NA,NA,NA,NA,NA,NA,NA,NA,NA,NA,NA,NA,NA,NA
"TCGA-BH-A1FU-11A-23R-A14D-07","TCGA-BH-A1FU-11A-23R-A14D-07","TCGA-BH-A1FU","TCGA-BH-A1FU-11A","NT","Solid Tissue Normal","TCGA-BH-A1FU-11A","11","Not Applicable","08693317-d839-477c-b145-477a3521e03a","Solid Tissue Normal","Not Reported",5041,"released",190,"OCT",NA,"TCGA-BH-A1FU","true","Solid Tissue",FALSE,"Normal","No","Stage IA",0,"Right","Breast, NOS",1688,16174,"Infiltrating duct carcinoma, NOS",NA,"no",1997,"No",TRUE,"Fine Needle Aspiration","5th","T1c","8500/3","N0","M0","primary","255c1f2f-d804-5d99-a49c-b91570e0b097","C50.9","Breast, NOS","white","female","not hispanic or latino","Dead",44,-16174,"2de00b28-3263-5e97-a30c-eb4adba4545d",FALSE,NA,"TCGA-BH-A1FU-11A","TCGA-BRCA","Breast Invasive Carcinoma",TRUE,TRUE,NA,NA,NA,1688,NA,NA,NA,NA,NA,NA,NA,NA,NA,NA,NA,NA,NA,NA,NA,NA,NA,NA,NA,NA,NA,NA,NA,NA
"TCGA-BH-A203-11A-42R-A169-07","TCGA-BH-A203-11A-42R-A169-07","TCGA-BH-A203","TCGA-BH-A203-11A","NT","Solid Tissue Normal","TCGA-BH-A203-11A","11","Not Applicable","a16194b7-162f-4282-a552-1fa1915ea589","Solid Tissue Normal","Not Reported",5418,"released",480,"Unknown",NA,"TCGA-BH-A203","false","Solid Tissue",FALSE,"Normal","No","Stage IIB",0,"Right","Breast, NOS",1174,28609,"Infiltrating duct carcinoma, NOS",NA,"no",1996,"No",TRUE,NA,"5th","T2","8500/3","N1b","M0","primary","8e7cc474-6fbe-56eb-acaa-14998574ea5f","C50.9","Breast, NOS","white","female","not hispanic or latino","Dead",78,-28609,"b7973e03-f89e-5d86-a85f-8e9d9c30a51c",FALSE,"United States","TCGA-BH-A203-11A","TCGA-BRCA","Breast Invasive Carcinoma",TRUE,TRUE,NA,NA,NA,1174,NA,NA,NA,NA,NA,NA,NA,NA,NA,NA,NA,NA,NA,NA,NA,NA,NA,NA,NA,NA,NA,NA,NA,NA
"TCGA-BH-A1FJ-11B-42R-A13Q-07","TCGA-BH-A1FJ-11B-42R-A13Q-07","TCGA-BH-A1FJ","TCGA-BH-A1FJ-11B","NT","Solid Tissue Normal","TCGA-BH-A1FJ-11B","11","Not Applicable","6921f528-54eb-429f-a9e9-ceb7e6b33ba9","Solid Tissue Normal","Not Reported",4574,"released",380,"Unknown",NA,"TCGA-BH-A1FJ","false","Solid Tissue",FALSE,"Normal","No","Stage IIIA",0,"Right","Breast, NOS",1927,24262,"Infiltrating duct carcinoma, NOS",NA,"no",1998,"No",TRUE,"Core Biopsy","5th","T3","8500/3","N1b","M0","primary","460fd561-3ea4-5af3-a702-11cf7032238a","C50.9","Breast, NOS","white","female","not hispanic or latino","Dead",66,-24262,"ebb99418-d9c0-5030-a587-43f562947190",FALSE,NA,"TCGA-BH-A1FJ-11B","TCGA-BRCA","Breast Invasive Carcinoma",TRUE,TRUE,NA,NA,NA,1927,NA,NA,NA,NA,NA,NA,NA,NA,NA,NA,NA,NA,NA,NA,NA,NA,NA,NA,NA,NA,NA,NA,NA,NA
"TCGA-E2-A158-11A-22R-A12D-07","TCGA-E2-A158-11A-22R-A12D-07","TCGA-E2-A158","TCGA-E2-A158-11A","NT","Solid Tissue Normal","TCGA-E2-A158-11A","11","Not Applicable","e94c165f-210d-47d7-b7e7-c5747ee7f451","Solid Tissue Normal","Not Reported",436,"released",170,"Unknown",NA,"TCGA-E2-A158","false","Solid Tissue",FALSE,"Normal",NA,"Stage I",NA,"Right","Breast, NOS",NA,NA,"Not Reported",NA,NA,NA,NA,FALSE,NA,"6th","T1c","Not Reported","N0","M0","Synchronous primary","5a081a4a-7115-4087-bc93-72d33e8e514e",NA,"Not Reported","white","female","not hispanic or latino","Alive",43,-15903,"c28fd257-c621-5262-a259-e57d01563842",FALSE,NA,"TCGA-E2-A158-11A","TCGA-BRCA","Breast Invasive Carcinoma",TRUE,TRUE,NA,NA,NA,NA,NA,NA,NA,NA,NA,NA,NA,NA,NA,NA,NA,NA,NA,NA,NA,NA,NA,NA,NA,NA,NA,NA,NA,NA
"TCGA-BH-A18R-11A-42R-A12D-07","TCGA-BH-A18R-11A-42R-A12D-07","TCGA-BH-A18R","TCGA-BH-A18R-11A","NT","Solid Tissue Normal","TCGA-BH-A18R-11A","11","Not Applicable","3196c5f3-9227-4a9d-b87a-3e1f680a768c","Solid Tissue Normal","Not Reported",3571,"released",350,"OCT",NA,"TCGA-BH-A18R","true","Solid Tissue",FALSE,"Normal","No","Stage IIA",0,"Right","Breast, NOS",1142,18524,"Infiltrating duct carcinoma, NOS","No Metastasis","no",2001,"No",TRUE,"Incisional Biopsy",NA,"T2b","8500/3","N1","M0","primary","628b1f0d-6e58-5772-9160-bab9e201a8ea","C50.9","Breast, NOS","white","female","not hispanic or latino","Dead",50,-18524,"b723c267-8011-5351-a2a4-c1150643689e",FALSE,NA,"TCGA-BH-A18R-11A","TCGA-BRCA","Breast Invasive Carcinoma",TRUE,TRUE,NA,NA,NA,1142,NA,NA,NA,NA,NA,NA,NA,NA,NA,NA,NA,NA,NA,NA,NA,NA,NA,NA,NA,NA,NA,NA,NA,NA
"TCGA-E9-A1RF-11A-32R-A157-07","TCGA-E9-A1RF-11A-32R-A157-07","TCGA-E9-A1RF","TCGA-E9-A1RF-11A","NT","Solid Tissue Normal","TCGA-E9-A1RF-11A","11","Not Applicable","9b8be955-8c21-449d-a951-c715a6dd1cab","Solid Tissue Normal","Not Reported",56,"released",1050,"Unknown",NA,"TCGA-E9-A1RF","false","Solid Tissue",FALSE,"Normal","No","Stage IIIA",0,"Left","Breast, NOS",200,25119,"Infiltrating duct carcinoma, NOS","No Metastasis","no",2011,"No",TRUE,"Cytology","7th","T2","8500/3","N2","M0","primary","e03badde-0fa4-5204-827d-bb4c4f389f6c","C50.9","Breast, NOS","white","female","not hispanic or latino","Alive",68,-25119,"0f4979ad-6aa5-5e73-8d16-844254331b66",FALSE,"Ukraine","TCGA-E9-A1RF-11A","TCGA-BRCA","Breast Invasive Carcinoma",TRUE,TRUE,NA,NA,NA,NA,NA,NA,NA,NA,NA,NA,NA,NA,NA,NA,NA,NA,NA,NA,NA,NA,NA,NA,NA,NA,NA,NA,NA,NA
"TCGA-BH-A18M-11A-33R-A12D-07","TCGA-BH-A18M-11A-33R-A12D-07","TCGA-BH-A18M","TCGA-BH-A18M-11A","NT","Solid Tissue Normal","TCGA-BH-A18M-11A","11","Not Applicable","9a793dbd-24a5-4e0c-aa00-efee41902a5d","Solid Tissue Normal","Not Reported",3629,"released",310,"OCT",NA,"TCGA-BH-A18M","true","Solid Tissue",FALSE,"Normal","No","Stage IIIA",0,"Left","Lower-inner quadrant of breast",2207,14532,"Infiltrating duct carcinoma, NOS","No Metastasis","no",2001,"No",TRUE,"Core Biopsy","5th","T3","8500/3","N1","M0","primary","b289d6f2-5d8f-5e8d-8ed3-253ac8d435fd","C50.3","Breast, NOS","white","female","not hispanic or latino","Dead",39,-14532,"9ecc5520-a00c-52eb-a242-d81d09088a85",FALSE,NA,"TCGA-BH-A18M-11A","TCGA-BRCA","Breast Invasive Carcinoma",TRUE,TRUE,NA,NA,NA,2207,NA,NA,NA,NA,NA,NA,NA,NA,NA,NA,NA,NA,NA,NA,NA,NA,NA,NA,NA,NA,NA,NA,NA,NA
"TCGA-E9-A1ND-11A-43R-A144-07","TCGA-E9-A1ND-11A-43R-A144-07","TCGA-E9-A1ND","TCGA-E9-A1ND-11A","NT","Solid Tissue Normal","TCGA-E9-A1ND-11A","11","Not Applicable","41615c91-a592-40ed-8bc1-3dda5f2c8625","Solid Tissue Normal","Not Reported",37,"released",1070,"OCT",NA,"TCGA-E9-A1ND","true","Solid Tissue",FALSE,"Normal","No","Stage IIB",0,"Left","Breast, NOS",1266,27400,"Infiltrating duct carcinoma, NOS","No Metastasis","no",2011,"No",TRUE,"Surgical Resection","7th","T2","8500/3","N1","M0","primary","4c8a4db0-2292-59e4-b2ca-d70d05239cec","C50.9","Breast, NOS","white","female","not hispanic or latino","Alive",75,-27400,"9d2fe39f-a7f0-5a61-85c1-e4673522cf49",FALSE,"Russia","TCGA-E9-A1ND-11A","TCGA-BRCA","Breast Invasive Carcinoma",TRUE,TRUE,NA,NA,NA,NA,NA,NA,NA,NA,NA,NA,NA,NA,NA,NA,NA,NA,NA,NA,NA,NA,NA,NA,NA,NA,NA,NA,NA,NA
"TCGA-BH-A1EV-11A-24R-A137-07","TCGA-BH-A1EV-11A-24R-A137-07","TCGA-BH-A1EV","TCGA-BH-A1EV-11A","NT","Solid Tissue Normal","TCGA-BH-A1EV-11A","11","Not Applicable","1b3867a3-80db-417d-8e5c-f6f602c14760","Solid Tissue Normal","Not Reported",4103,"released",580,"OCT",NA,"TCGA-BH-A1EV","true","Solid Tissue",FALSE,"Normal","No","Stage IIIA",0,"Left","Breast, NOS",365,16504,"Infiltrating duct carcinoma, NOS",NA,"no",1999,"No",TRUE,"Fine Needle Aspiration","5th","T3","8500/3","N1b","M0","primary","fc710170-c417-5525-9a45-70c60ed9f5ca","C50.9","Breast, NOS","white","female","not hispanic or latino","Dead",45,-16504,"01c374ae-9556-57e8-84cc-6cb8b501f31c",FALSE,NA,"TCGA-BH-A1EV-11A","TCGA-BRCA","Breast Invasive Carcinoma",TRUE,TRUE,NA,NA,NA,365,NA,NA,NA,NA,NA,NA,NA,NA,NA,NA,NA,NA,NA,NA,NA,NA,NA,NA,NA,NA,NA,NA,NA,NA
"TCGA-BH-A0E1-11A-13R-A089-07","TCGA-BH-A0E1-11A-13R-A089-07","TCGA-BH-A0E1","TCGA-BH-A0E1-11A","NT","Solid Tissue Normal","TCGA-BH-A0E1-11A","11","Not Applicable","e4ee648d-3a2a-4ec7-a888-d6888ddf0171","Solid Tissue Normal","Not Reported",301,"released",500,"OCT",NA,"TCGA-BH-A0E1","true","Solid Tissue",FALSE,"Normal","No","Stage IIB",0,"Left","Breast, NOS",477,19192,"Infiltrating duct carcinoma, NOS",NA,"no",2009,"No",TRUE,"Core Biopsy",NA,"T2","8500/3","N1","M0","primary","812fbfaf-47c1-58d3-865d-248c253e373e","C50.9","Breast, NOS","white","female","not reported","Alive",52,-19192,"7c593975-bc80-5c2b-8923-f0ab61dec4dc",FALSE,NA,"TCGA-BH-A0E1-11A","TCGA-BRCA","Breast Invasive Carcinoma",TRUE,TRUE,NA,NA,NA,NA,NA,NA,NA,NA,NA,NA,NA,NA,NA,NA,NA,NA,NA,NA,NA,NA,NA,NA,NA,NA,NA,NA,NA,NA
"TCGA-BH-A1FC-11A-32R-A13Q-07","TCGA-BH-A1FC-11A-32R-A13Q-07","TCGA-BH-A1FC","TCGA-BH-A1FC-11A","NT","Solid Tissue Normal","TCGA-BH-A1FC-11A","11","Not Applicable","a6916373-70f1-434c-910a-407609815556","Solid Tissue Normal","Not Reported",4456,"released",260,"OCT",NA,"TCGA-BH-A1FC","true","Solid Tissue",FALSE,"Normal","No","Stage IIA",0,"Right","Breast, NOS",3472,28706,"Medullary carcinoma, NOS",NA,"no",1998,"No",TRUE,"Fine Needle Aspiration","5th","T1c","8510/3","N1b","M0","primary","6dc2bc5b-66b4-5de3-baf9-a1dc0dc5ab1c","C50.9","Breast, NOS","black or african american","female","not hispanic or latino","Dead",78,-28706,"4b727ed6-25ce-53c3-99dd-b9fa7da7825d",FALSE,NA,"TCGA-BH-A1FC-11A","TCGA-BRCA","Breast Invasive Carcinoma",TRUE,TRUE,NA,NA,NA,3472,NA,NA,NA,NA,NA,NA,NA,NA,NA,NA,NA,NA,NA,NA,NA,NA,NA,NA,NA,NA,NA,NA,NA,NA
"TCGA-E9-A1N9-11A-71R-A14D-07","TCGA-E9-A1N9-11A-71R-A14D-07","TCGA-E9-A1N9","TCGA-E9-A1N9-11A","NT","Solid Tissue Normal","TCGA-E9-A1N9-11A","11","Not Applicable","2e532402-4279-4441-a7e5-0ed2b793a134","Solid Tissue Normal","Not Reported",44,"released",1190,"OCT",NA,"TCGA-E9-A1N9","true","Solid Tissue",FALSE,"Normal","No","Stage IIA",0,"Right","Breast, NOS",1101,21228,"Infiltrating duct and lobular carcinoma","No Metastasis","no",2011,"No",TRUE,"Surgical Resection","7th","T2","8522/3","N0","M0","primary","a477baee-5a07-53a1-b179-55ba8bfde074","C50.9","Breast, NOS","white","female","not hispanic or latino","Alive",58,-21228,"26d50768-39dc-5746-93d6-7f6905a2b434",FALSE,"Russia","TCGA-E9-A1N9-11A","TCGA-BRCA","Breast Invasive Carcinoma",TRUE,TRUE,NA,NA,NA,NA,NA,NA,NA,NA,NA,NA,NA,NA,NA,NA,NA,NA,NA,NA,NA,NA,NA,NA,NA,NA,NA,NA,NA,NA
"TCGA-BH-A1FR-11B-42R-A13Q-07","TCGA-BH-A1FR-11B-42R-A13Q-07","TCGA-BH-A1FR","TCGA-BH-A1FR-11B","NT","Solid Tissue Normal","TCGA-BH-A1FR-11B","11","Not Applicable","0729326e-9b85-44f5-8134-28cb10805bf4","Solid Tissue Normal","Not Reported",4876,"released",310,"Unknown",NA,"TCGA-BH-A1FR","false","Solid Tissue",FALSE,"Normal","No","Stage IIIB",0,"Right","Breast, NOS",1642,26684,"Infiltrating duct mixed with other types of carcinoma",NA,"no",1997,"No",TRUE,"Core Biopsy","5th","T4b","8523/3","N1a","M0","primary","457d0484-70b2-5c44-8bb3-5bda11d86c81","C50.9","Breast, NOS","white","female","not hispanic or latino","Dead",73,-26684,"cecfe44e-d20f-5f58-a703-77b39e9ef7af",FALSE,NA,"TCGA-BH-A1FR-11B","TCGA-BRCA","Breast Invasive Carcinoma",TRUE,TRUE,NA,NA,NA,1642,NA,NA,NA,NA,NA,NA,NA,NA,NA,NA,NA,NA,NA,NA,NA,NA,NA,NA,NA,NA,NA,NA,NA,NA
